---,Damage,Magazine,ReloadSpeed
Grade1,"32.000000","0","4.000000"
Grade2,"40.000000","0","3.000000"
Grade3,"0.000000","0","2.700000"
Grade4,"0.000000","0","2.300000"
Grade5,"0.000000","0","2.000000"
