---,Damage,Magazine,ReloadSpeed
Grade1,"120.000000","12","0.000000"
Grade2,"140.000000","16","0.000000"
Grade3,"160.000000","0","0.000000"
Grade4,"180.000000","0","0.000000"
Grade5,"230.000000","0","0.000000"
